{
  "loss": [
    0.44277580550574114,
    0.06502194982016513,
    0.04138733839396328,
    0.038843275571894445,
    0.011829147937604763,
    0.010076396232453159,
    0.009917134568667529,
    0.009957219301408,
    0.009668030223300957,
    0.009625734458619353,
    0.00972615362597882,
    0.009698010941147743,
    0.00949495960925092,
    0.009586147952321808,
    0.009709886385517124
  ],
  "accuracy": [
    45.48453608247423,
    9.896907216494846,
    98.14432989690722,
    12.164948453608247,
    95.09278350515464,
    97.0721649484536,
    97.31958762886597,
    98.68041237113403,
    98.02061855670104,
    97.44329896907216,
    97.69072164948453,
    97.11340206185567,
    97.9381443298969,
    97.9381443298969,
    97.85567010309278
  ]
}