{
  "loss": [
    1.1377907922726511,
    0.4125184999413378,
    0.2706109727375126,
    0.20461071367903028,
    0.02992480077765091,
    0.0283550918683874,
    0.03360049253694569,
    0.036473089909112195,
    0.027502199780858622,
    0.027263882571241793
  ],
  "accuracy": [
    17.814432989690722,
    25.7319587628866,
    39.71134020618557,
    25.814432989690722,
    96.45360824742268,
    98.47422680412372,
    94.63917525773196,
    89.73195876288659,
    98.3917525773196,
    97.48453608247422
  ]
}