{
  "loss": [
    0.6893167911396695,
    0.18598369832716694,
    0.1566952466330943,
    0.1411259589651726,
    0.023999850377021993,
    0.025721290780636032,
    0.028435303096059936,
    0.030648902895549047,
    0.027536435583964212,
    0.026647669007417003
  ],
  "accuracy": [
    53.1958762886598,
    88.90721649484536,
    33.93814432989691,
    58.350515463917525,
    99.38144329896907,
    99.01030927835052,
    99.62886597938144,
    98.9278350515464,
    99.38144329896907,
    99.58762886597938
  ]
}