{
  "loss": [
    0.5064582162393656,
    0.053190932888271966,
    0.03685724348911417,
    0.03493780867490474,
    0.008693476185358907,
    0.006639592050098487,
    0.006308071391837879,
    0.0063272612788822956,
    0.0061258107193414785,
    0.005889659328238126
  ],
  "accuracy": [
    67.91752577319588,
    87.4639175257732,
    23.34020618556701,
    89.15463917525773,
    99.17525773195877,
    99.25773195876289,
    99.01030927835052,
    99.29896907216495,
    98.88659793814433,
    98.72164948453609
  ]
}